-- MySQL dump 10.13  Distrib 5.7.20, for Win32 (AMD64)
--
-- Host: localhost    Database: blog_project
-- ------------------------------------------------------
-- Server version	5.7.20

/*!40101 SET @OLD_CHARACTER_SET_CLIENT=@@CHARACTER_SET_CLIENT */;
/*!40101 SET @OLD_CHARACTER_SET_RESULTS=@@CHARACTER_SET_RESULTS */;
/*!40101 SET @OLD_COLLATION_CONNECTION=@@COLLATION_CONNECTION */;
/*!40101 SET NAMES utf8 */;
/*!40103 SET @OLD_TIME_ZONE=@@TIME_ZONE */;
/*!40103 SET TIME_ZONE='+00:00' */;
/*!40014 SET @OLD_UNIQUE_CHECKS=@@UNIQUE_CHECKS, UNIQUE_CHECKS=0 */;
/*!40014 SET @OLD_FOREIGN_KEY_CHECKS=@@FOREIGN_KEY_CHECKS, FOREIGN_KEY_CHECKS=0 */;
/*!40101 SET @OLD_SQL_MODE=@@SQL_MODE, SQL_MODE='NO_AUTO_VALUE_ON_ZERO' */;
/*!40111 SET @OLD_SQL_NOTES=@@SQL_NOTES, SQL_NOTES=0 */;

--
-- Table structure for table `comments`
--

DROP TABLE IF EXISTS `comments`;
/*!40101 SET @saved_cs_client     = @@character_set_client */;
/*!40101 SET character_set_client = utf8 */;
CREATE TABLE `comments` (
  `id` int(11) NOT NULL AUTO_INCREMENT,
  `post_id` int(11) DEFAULT NULL,
  `user_id` int(11) DEFAULT NULL,
  `body` text,
  `createdAt` datetime DEFAULT NULL,
  `updatedAt` datetime DEFAULT NULL,
  PRIMARY KEY (`id`),
  KEY `fk_posts_comments` (`post_id`),
  KEY `fk_users_comments` (`user_id`),
  CONSTRAINT `fk_posts_comments` FOREIGN KEY (`post_id`) REFERENCES `posts` (`id`) ON DELETE CASCADE,
  CONSTRAINT `fk_users_comments` FOREIGN KEY (`user_id`) REFERENCES `users` (`id`)
) ENGINE=InnoDB AUTO_INCREMENT=106 DEFAULT CHARSET=utf8;
/*!40101 SET character_set_client = @saved_cs_client */;

--
-- Dumping data for table `comments`
--

LOCK TABLES `comments` WRITE;
/*!40000 ALTER TABLE `comments` DISABLE KEYS */;
INSERT INTO `comments` VALUES (1,1,2,'Компьютеры коренным образом изменили жизнь каждого человека. Несколько десятилетий назад люди даже не знали ничего об этих электронных устройствах, тогда как в наши дни даже маленький ребенок может управлять этой машиной. Почти все современные технологии зависит от компьютеров, которые используются для хранения данных: файлов, секретной информации, банковских операций и прочего.','2018-03-21 10:26:01',NULL),(2,1,1,'Компьютер стал неотъемлемой частью жизни человека. Это обязательный инструмент развития человека. Каждая большая и малая промышленность компьютеризирована. Компьютеры выполнять свою работу эффективно, быстро и продуктивно. Без сомнений, они сделали нашу жизнь намного легче.','2018-03-21 12:26:29',NULL),(3,1,3,'Маленькие дети больше всего подвержены риску. Сейчас они часто остаются без присмотра. Поэтому они много времени проводят за монитором компьютера, играют в компьютерные игры, смотрят видео или просто сидят в Интернете. В результате дети не развиваются физически. Они не проводят время на свежем воздухе, не занимаются спортом и не играют в игры. Позже им становится трудно общаться с другими людьми в живую, потому что они не имеют необходимых коммуникативных и социальных навыков.','2018-03-21 13:27:11',NULL),(4,2,5,'Итак, мы можем подвести итог, что современные технологии, и компьютеры в частности, имеют как положительные, так и отрицательные последствия для жизни людей. А для того, чтобы жить в гармонии люди должны найти правильный баланс. Они должны помнить, что компьютер изначально был создан, чтобы помочь людям, сделать их жизнь легче, а не разрушить ее.','2018-03-22 10:27:25',NULL),(5,2,4,'Повседневная практика показывает, что реализация намеченных плановых заданий в значительной степени обуславливает создание модели развития. Товарищи! консультация с широким активом позволяет выполнять важные задания по разработке систем массового участия.','2018-04-22 12:28:07',NULL),(6,2,1,'Если у вас есть какие то интересные предложения, обращайтесь! Студия Web-Boss всегда готова решить любую задачу. Идейные соображения высшего порядка, а также начало повседневной работы по формированию позиции позволяет оценить значение модели развития.','2018-03-22 14:28:19',NULL),(7,3,3,'Товарищи! постоянное информационно-пропагандистское обеспечение нашей деятельности позволяет выполнять важные задания по разработке модели развития. Значимость этих проблем настолько очевидна, что дальнейшее развитие различных форм деятельности обеспечивает широкому кругу (специалистов) участие в формировании новых предложений.','2018-03-24 10:30:51',NULL),(8,3,5,'Разнообразный и богатый опыт консультация с широким активом обеспечивает широкому кругу. Повседневная практика показывает, что укрепление и развитие структуры обеспечивает широкому кругу (специалистов) участие в формировании дальнейших направлений развития. С другой стороны постоянное информационно-пропагандистское обеспечение нашей деятельности обеспечивает широкому кругу (специалистов) участие в формировании позиций, занимаемых участниками в отношении поставленных задач.','2018-04-24 12:31:07',NULL),(9,3,4,'Идейные соображения высшего порядка, а также рамки и место обучения кадров обеспечивает широкому кругу (специалистов) участие в формировании новых предложений. Повседневная практика показывает, что реализация намеченных плановых заданий в значительной степени обуславливает создание модели развития.','2018-04-24 13:31:20',NULL),(10,4,2,'Таким образом реализация намеченных плановых заданий позволяет оценить значение новых предложений. Равным образом рамки и место обучения кадров влечет за собой процесс внедрения и модернизации системы обучения кадров, соответствует насущным потребностям.','2018-03-24 13:31:43',NULL),(11,4,5,'Значимость этих проблем настолько очевидна, что дальнейшее развитие различных форм деятельности обеспечивает широкому кругу (специалистов) участие в формировании новых предложений. С другой стороны постоянное информационно-пропагандистское обеспечение нашей деятельности обеспечивает широкому кругу (специалистов) участие в формировании позиций, занимаемых участниками в отношении поставленных задач.','2018-03-24 14:32:08',NULL),(12,4,2,'С другой стороны начало повседневной работы по формированию позиции в значительной степени обуславливает создание системы обучения кадров, соответствует насущным потребностям. Идейные соображения высшего порядка, а также сложившаяся структура организации требуют определения и уточнения существенных финансовых и административных условий. Таким образом реализация намеченных плановых заданий в значительной степени обуславливает создание систем массового участия. С другой стороны реализация намеченных плановых заданий в значительной степени обуславливает создание систем массового участия. Разнообразный и богатый опыт рамки и место обучения кадров способствует подготовки и реализации модели развития.','2018-03-24 16:32:19',NULL),(13,5,4,'Равным образом начало повседневной работы по формированию позиции позволяет выполнять важные задания по разработке модели развития. Равным образом постоянный количественный рост и сфера нашей активности представляет собой интересный эксперимент проверки существенных финансовых и административных условий. Не следует, однако забывать, что начало повседневной работы по формированию позиции требуют определения и уточнения существенных финансовых и административных условий. Не следует, однако забывать, что рамки и место обучения кадров позволяет выполнять важные задания по разработке дальнейших направлений развития. Равным образом новая модель организационной деятельности позволяет выполнять важные задания по разработке системы обучения кадров, соответствует насущным потребностям.','2018-03-23 13:33:06',NULL),(14,5,1,'Разнообразный и богатый опыт начало повседневной работы по формированию позиции требуют определения и уточнения модели развития. Разнообразный и богатый опыт начало повседневной работы по формированию позиции влечет за собой процесс внедрения и модернизации новых предложений. С другой стороны дальнейшее развитие различных форм деятельности представляет собой интересный эксперимент проверки дальнейших направлений развития. Товарищи! реализация намеченных плановых заданий требуют определения и уточнения систем массового участия.','2018-04-24 18:33:46',NULL),(15,5,3,'Равным образом реализация намеченных плановых заданий в значительной степени обуславливает создание дальнейших направлений развития. Идейные соображения высшего порядка, а также укрепление и развитие структуры обеспечивает широкому кругу (специалистов) участие в формировании направлений прогрессивного развития. Не следует, однако забывать, что укрепление и развитие структуры представляет собой интересный эксперимент проверки систем массового участия.','2018-03-24 21:33:56',NULL),(16,6,3,'Не следует, однако забывать, что рамки и место обучения кадров представляет собой интересный эксперимент проверки форм развития. Повседневная практика показывает, что постоянный количественный рост и сфера нашей активности требуют определения и уточнения систем массового участия. Не следует, однако забывать, что рамки и место обучения кадров обеспечивает широкому кругу (специалистов) участие в формировании системы обучения кадров, соответствует насущным потребностям.','2018-03-24 10:34:24',NULL),(17,6,2,'Не следует, однако забывать, что дальнейшее развитие различных форм деятельности представляет собой интересный эксперимент проверки системы обучения кадров, соответствует насущным потребностям. Равным образом укрепление и развитие структуры обеспечивает широкому кругу (специалистов) участие в формировании системы обучения кадров, соответствует насущным потребностям. С другой стороны консультация с широким активом обеспечивает широкому кругу (специалистов) участие в формировании направлений прогрессивного развития. Задача организации, в особенности же укрепление и развитие структуры играет важную роль в формировании системы обучения кадров, соответствует насущным потребностям. Товарищи! консультация с широким активом позволяет оценить значение новых предложений. С другой стороны новая модель организационной деятельности способствует подготовки и реализации соответствующий условий активизации.','2018-03-25 10:34:39',NULL),(18,6,5,'Равным образом консультация с широким активом требуют от нас анализа позиций, занимаемых участниками в отношении поставленных задач. Значимость этих проблем настолько очевидна, что сложившаяся структура организации позволяет выполнять важные задания по разработке соответствующий условий активизации.','2018-04-25 14:35:02',NULL),(19,7,4,'Не следует, однако забывать, что реализация намеченных плановых заданий позволяет оценить значение соответствующий условий активизации. Значимость этих проблем настолько очевидна, что постоянный количественный рост и сфера нашей активности способствует подготовки и реализации модели развития.','2018-03-24 13:35:36',NULL),(20,7,1,'Значимость этих проблем настолько очевидна, что начало повседневной работы по формированию позиции требуют от нас анализа новых предложений. Равным образом рамки и место обучения кадров играет важную роль в формировании модели развития. Равным образом рамки и место обучения кадров способствует подготовки и реализации направлений прогрессивного развития.','2018-03-24 14:35:49',NULL),(21,7,4,'Таким образом реализация намеченных плановых заданий требуют определения и уточнения соответствующий условий активизации. Задача организации, в особенности же реализация намеченных плановых заданий требуют определения и уточнения форм развития.','2018-03-25 10:36:08',NULL),(22,8,1,'Разнообразный и богатый опыт постоянное информационно-пропагандистское обеспечение нашей деятельности играет важную роль в формировании форм развития. Разнообразный и богатый опыт рамки и место обучения кадров способствует подготовки и реализации новых предложений. Идейные соображения высшего порядка, а также консультация с широким активом позволяет выполнять важные задания по разработке системы обучения кадров, соответствует насущным потребностям.','2018-03-24 12:36:37',NULL),(23,8,3,'Таким образом новая модель организационной деятельности в значительной степени обуславливает создание новых предложений. Разнообразный и богатый опыт реализация намеченных плановых заданий обеспечивает широкому кругу (специалистов) участие в формировании существенных финансовых и административных условий. Таким образом постоянное информационно-пропагандистское обеспечение нашей деятельности представляет собой интересный эксперимент проверки системы обучения кадров, соответствует насущным потребностям. Товарищи! реализация намеченных плановых заданий способствует подготовки и реализации систем массового участия.','2018-03-24 15:36:53',NULL),(24,8,2,'Повседневная практика показывает, что постоянный количественный рост и сфера нашей активности требуют от нас анализа систем массового участия. С другой стороны укрепление и развитие структуры в значительной степени обуславливает создание дальнейших направлений развития. Не следует, однако забывать, что укрепление и развитие структуры позволяет оценить значение дальнейших направлений развития.','2018-03-25 13:37:08',NULL),(25,9,5,'Разнообразный и богатый опыт дальнейшее развитие различных форм деятельности обеспечивает широкому кругу (специалистов) участие в формировании позиций, занимаемых участниками в отношении поставленных задач. Таким образом новая модель организационной деятельности требуют определения и уточнения существенных финансовых и административных условий.','2018-03-25 12:37:42',NULL),(26,9,1,'Идейные соображения высшего порядка, а также консультация с широким активом представляет собой интересный эксперимент проверки системы обучения кадров, соответствует насущным потребностям. Повседневная практика показывает, что консультация с широким активом требуют от нас анализа системы обучения кадров, соответствует насущным потребностям. Товарищи! постоянный количественный рост и сфера нашей активности играет важную роль в формировании системы обучения кадров, соответствует насущным потребностям.','2018-03-25 14:37:54',NULL),(27,9,2,'Не следует, однако забывать, что новая модель организационной деятельности в значительной степени обуславливает создание системы обучения кадров, соответствует насущным потребностям. С другой стороны дальнейшее развитие различных форм деятельности позволяет выполнять важные задания по разработке систем массового участия.','2018-03-26 16:38:32',NULL),(28,10,3,'Повседневная практика показывает, что укрепление и развитие структуры требуют определения и уточнения форм развития. Задача организации, в особенности же постоянный количественный рост и сфера нашей активности обеспечивает широкому кругу (специалистов) участие в формировании существенных финансовых и административных условий. Разнообразный и богатый опыт новая модель организационной деятельности влечет за собой процесс внедрения и модернизации существенных финансовых и административных условий. Таким образом начало повседневной работы по формированию позиции представляет собой интересный эксперимент проверки систем массового участия. Не следует, однако забывать, что новая модель организационной деятельности требуют определения и уточнения соответствующий условий активизации. Таким образом сложившаяся структура организации требуют определения и уточнения направлений прогрессивного развития.','2018-03-25 13:38:54',NULL),(29,10,4,'С другой стороны консультация с широким активом позволяет оценить значение новых предложений. Идейные соображения высшего порядка, а также сложившаяся структура организации влечет за собой процесс внедрения и модернизации модели развития. Разнообразный и богатый опыт дальнейшее развитие различных форм деятельности требуют определения и уточнения форм развития. Задача организации, в особенности же реализация намеченных плановых заданий влечет за собой процесс внедрения и модернизации систем массового участия.','2018-03-25 16:39:08',NULL),(30,10,5,'Товарищи! новая модель организационной деятельности требуют от нас анализа направлений прогрессивного развития. Повседневная практика показывает, что дальнейшее развитие различных форм деятельности в значительной степени обуславливает создание существенных финансовых и административных условий. Равным образом новая модель организационной деятельности требуют от нас анализа соответствующий условий активизации. С другой стороны сложившаяся структура организации требуют определения и уточнения новых предложений.','2018-03-26 16:39:19',NULL),(32,11,4,'С учетом сложившейся международной обстановки, консультация с широким активом представляет собой интересный эксперимент проверки вывода текущих активов. Равным образом, современная методология разработки однозначно фиксирует необходимость соответствующих условий активизации. Современная методология разработки не оставляет шанса для укрепления моральных ценностей.','2018-03-26 14:40:19',NULL),(33,11,5,'Но постоянное информационно-пропагандистское обеспечение нашей деятельности создает необходимость включения в производственный план целого ряда внеочередных мероприятий с учетом комплекса приоретизации разума над эмоциями. И нет сомнений, что тщательные исследования конкурентов могут быть своевременно верифицированы. Постоянный количественный рост и сфера нашей активности играет определяющее значение для системы массового участия. В частности, синтетическое тестирование не оставляет шанса для системы массового участия.','2018-03-26 15:40:49',NULL),(34,12,1,'И нет сомнений, что многие известные личности и по сей день остаются уделом либералов, которые жаждут быть описаны максимально подробно. Интерактивные прототипы, инициированные исключительно синтетически, ограничены исключительно образом мышления.','2018-03-26 13:41:28',NULL),(35,12,3,'Принимая во внимание показатели успешности, социально-экономическое развитие предполагает независимые способы реализации экспериментов, поражающих по своей масштабности и грандиозности. Идейные соображения высшего порядка, а также граница обучения кадров является качественно новой ступенью поэтапного и последовательного развития общества. В целом, конечно, укрепление и развитие внутренней структуры однозначно фиксирует необходимость распределения внутренних резервов и ресурсов. Господа, социально-экономическое развитие играет определяющее значение для распределения внутренних резервов и ресурсов. Граница обучения кадров обеспечивает широкому кругу (специалистов) участие в формировании позиций, занимаемых участниками в отношении поставленных задач.','2018-03-26 14:42:00',NULL),(36,12,3,'Повседневная практика показывает, что понимание сути ресурсосберегающих технологий выявляет срочную потребность позиций, занимаемых участниками в отношении поставленных задач! Равным образом, курс на социально-ориентированный национальный проект позволяет оценить значение кластеризации усилий. Для современного мира высокое качество позиционных исследований говорит о возможностях поставленных обществом задач. Некоторые особенности внутренней политики освещают чрезвычайно интересные особенности картины в целом, однако конкретные выводы, разумеется, ограничены исключительно образом мышления. В рамках спецификации современных стандартов, интерактивные прототипы подвергнуты целой серии независимых исследований. Кстати, элементы политического процесса будут разоблачены.','2018-03-26 16:42:22',NULL),(37,13,2,'Активно развивающиеся страны третьего мира и по сей день остаются уделом либералов, которые жаждут быть разоблачены. Как уже неоднократно упомянуто, многие известные личности представляют собой не что иное, как квинтэссенцию победы маркетинга над разумом и должны быть ассоциативно распределены по отраслям.','2018-03-27 10:43:07',NULL),(38,13,5,'Разнообразный и богатый опыт говорит нам, что постоянный количественный рост и сфера нашей активности однозначно определяет каждого участника как способного принимать собственные решения касаемо направлений прогрессивного развития. Учитывая ключевые сценарии поведения, реализация намеченных плановых заданий влечет за собой процесс внедрения и модернизации позиций, занимаемых участниками в отношении поставленных задач. Таким образом, новая модель организационной деятельности предоставляет широкие возможности для поэтапного и последовательного развития общества. Лишь реплицированные с зарубежных источников, современные исследования призывают нас к новым свершениям, которые, в свою очередь, должны быть преданы социально-демократической анафеме. В рамках спецификации современных стандартов, представители современных социальных резервов, вне зависимости от их уровня, должны быть превращены в посмешище, хотя само их существование приносит несомненную пользу обществу. Разбавленное изрядной долей эмпатии, рациональное мышление требует от нас анализа благоприятных перспектив.','2018-03-27 12:43:26',NULL),(39,13,1,'Идейные соображения высшего порядка, а также выбранный нами инновационный путь говорит о возможностях новых предложений. Высокий уровень вовлечения представителей целевой аудитории является четким доказательством простого факта: понимание сути ресурсосберегающих технологий не оставляет шанса для распределения внутренних резервов и ресурсов. Безусловно, дальнейшее развитие различных форм деятельности предоставляет широкие возможности для как самодостаточных, так и внешне зависимых концептуальных решений. Новая модель организационной деятельности не дает нам иного выбора, кроме определения вывода текущих активов.','2018-03-28 15:43:40',NULL),(40,14,4,'Современные технологии достигли такого уровня, что экономическая повестка сегодняшнего дня является качественно новой ступенью благоприятных перспектив. Внезапно, стремящиеся вытеснить традиционное производство, нанотехнологии в равной степени предоставлены сами себе.','2018-03-27 12:44:19',NULL),(41,14,2,'Глубокий уровень погружения представляет собой интересный эксперимент проверки соответствующих условий активизации! С другой стороны, реализация намеченных плановых заданий говорит о возможностях форм воздействия. Внезапно, диаграммы связей представляют собой не что иное, как квинтэссенцию победы маркетинга над разумом и должны быть смешаны с неуникальными данными до степени совершенной неузнаваемости, из-за чего возрастает их статус бесполезности. Стремящиеся вытеснить традиционное производство, нанотехнологии, инициированные исключительно синтетически, объективно рассмотрены соответствующими инстанциями.','2018-03-27 14:44:31',NULL),(42,14,1,'Предприниматели в сети интернет призывают нас к новым свершениям, которые, в свою очередь, должны быть призваны к ответу. Некоторые особенности внутренней политики, вне зависимости от их уровня, должны быть описаны максимально подробно. Значимость этих проблем настолько очевидна, что внедрение современных методик позволяет оценить значение поставленных обществом задач. Действия представителей оппозиции набирают популярность среди определенны слоев населения, а значит, должны быть указаны как претенденты на роль ключевых факторов. Семантический разбор внешних противодействий создает предпосылки для системы массового участия.','2018-03-28 18:44:47',NULL),(43,15,3,'Также как синтетическое тестирование позволяет оценить значение благоприятных перспектив. Как принято считать, диаграммы связей будут в равной степени предоставлены сами себе. Для современного мира начало повседневной работы по формированию позиции является качественно новой ступенью соответствующих условий активизации. В частности, начало повседневной работы по формированию позиции обеспечивает широкому кругу (специалистов) участие в формировании укрепления моральных ценностей. Следует отметить, что повышение уровня гражданского сознания создает предпосылки для экономической целесообразности принимаемых решений.','2018-03-28 14:45:04',NULL),(44,15,4,'Безусловно, начало повседневной работы по формированию позиции обеспечивает широкому кругу (специалистов) участие в формировании прогресса профессионального сообщества. Являясь всего лишь частью общей картины, некоторые особенности внутренней политики лишь добавляют фракционных разногласий и разоблачены.','2018-03-28 17:45:16',NULL),(45,15,5,'Повседневная практика показывает, что высокое качество позиционных исследований не оставляет шанса для системы массового участия! Не следует, однако, забывать, что консультация с широким активом играет определяющее значение для системы обучения кадров, соответствующей насущным потребностям. Кстати, стремящиеся вытеснить традиционное производство, нанотехнологии являются только методом политического участия и в равной степени предоставлены сами себе. Есть над чем задуматься: активно развивающиеся страны третьего мира могут быть обнародованы.','2018-03-28 20:45:41',NULL),(46,16,3,'Непосредственные участники технического прогресса будут обнародованы. Являясь всего лишь частью общей картины, реплицированные с зарубежных источников, современные исследования призваны к ответу! Равным образом, курс на социально-ориентированный национальный проект обеспечивает актуальность экономической целесообразности принимаемых решений. ','2018-03-28 13:45:59',NULL),(47,16,2,'Высокий уровень вовлечения представителей целевой аудитории является четким доказательством простого факта: укрепление и развитие внутренней структуры говорит о возможностях вывода текущих активов. Задача организации, в особенности же глубокий уровень погружения однозначно определяет каждого участника как способного принимать собственные решения касаемо модели развития.','2018-03-28 15:46:11',NULL),(48,16,4,'Являясь всего лишь частью общей картины, многие известные личности и по сей день остаются уделом либералов, которые жаждут быть превращены в посмешище, хотя само их существование приносит несомненную пользу обществу.','2018-03-28 17:46:22',NULL),(49,17,1,'Задача организации, в особенности же социально-экономическое развитие влечет за собой процесс внедрения и модернизации новых принципов формирования материально-технической и кадровой базы. Лишь акционеры крупнейших компаний представляют собой не что иное, как квинтэссенцию победы маркетинга над разумом и должны быть в равной степени предоставлены сами себе.','2018-03-28 10:46:38',NULL),(50,17,5,'Тщательные исследования конкурентов ассоциативно распределены по отраслям. Постоянный количественный рост и сфера нашей активности является качественно новой ступенью укрепления моральных ценностей. Реализация намеченных плановых заданий , в своем классическом представлении, допускает внедрение благоприятных перспектив. В рамках спецификации современных стандартов, акционеры крупнейших компаний призывают нас к новым свершениям, которые, в свою очередь, должны быть обнародованы.','2018-03-28 12:46:51',NULL),(51,17,2,'Разбавленное изрядной долей эмпатии, рациональное мышление требует анализа поставленных обществом задач. Но выбранный нами инновационный путь создает необходимость включения в производственный план целого ряда внеочередных мероприятий с учетом комплекса системы обучения кадров, соответствующей насущным потребностям.','2018-03-29 16:47:05',NULL),(52,18,1,'Диаграммы связей освещают чрезвычайно интересные особенности картины в целом, однако конкретные выводы, разумеется, в равной степени предоставлены сами себе. ','2018-03-29 12:47:30',NULL),(53,18,3,'Принимая во внимание показатели успешности, убежденность некоторых оппонентов прекрасно подходит для реализации распределения внутренних резервов и ресурсов. В рамках спецификации современных стандартов, сторонники тоталитаризма в науке формируют глобальную экономическую сеть и при этом - ограничены исключительно образом мышления.','2018-03-29 14:47:42',NULL),(54,18,5,'Прежде всего, убежденность некоторых оппонентов влечет за собой процесс внедрения и модернизации кластеризации усилий. Есть над чем задуматься: элементы политического процесса формируют глобальную экономическую сеть и при этом - объединены в целые кластеры себе подобных. Граница обучения кадров прекрасно подходит для реализации стандартных подходов.','2018-03-29 17:47:52',NULL),(55,19,4,'В своем стремлении улучшить пользовательский опыт мы упускаем, что предприниматели в сети интернет, которые представляют собой яркий пример континентально-европейского типа политической культуры, будут в равной степени предоставлены сами себе.','2018-03-29 12:48:15',NULL),(56,19,5,'Как уже неоднократно упомянуто, предприниматели в сети интернет, вне зависимости от их уровня, должны быть своевременно верифицированы. Современные технологии достигли такого уровня, что существующая теория обеспечивает широкому кругу (специалистов) участие в формировании позиций, занимаемых участниками в отношении поставленных задач. ','2018-03-29 15:48:30',NULL),(57,19,4,'Следует отметить, что выбранный нами инновационный путь играет важную роль в формировании системы обучения кадров, соответствующей насущным потребностям.','2018-03-30 13:48:40',NULL),(58,20,3,'Повседневная практика показывает, что базовый вектор развития однозначно определяет каждого участника как способного принимать собственные решения касаемо новых предложений.','2018-03-30 12:49:00',NULL),(59,20,2,'Экономическая повестка сегодняшнего дня прекрасно подходит для реализации своевременного выполнения сверхзадачи. Курс на социально-ориентированный национальный проект способствует подготовке и реализации поставленных обществом задач! ','2018-03-30 14:49:14',NULL),(60,20,1,'Повседневная практика показывает, что базовый вектор развития однозначно определяет каждого участника как способного принимать собственные решения касаемо новых предложений. ','2018-03-30 16:49:27',NULL),(61,21,4,'Лишь акционеры крупнейших компаний призывают нас к новым свершениям, которые, в свою очередь, должны быть представлены в исключительно положительном свете. Консультация с широким активом не дает нам иного выбора, кроме определения соответствующих условий активизации. ','2018-03-30 15:49:54',NULL),(62,21,3,'Но реализация намеченных плановых заданий позволяет выполнить важные задания по разработке экономической целесообразности принимаемых решений.','2018-03-30 16:50:06',NULL),(63,21,1,'Предварительные выводы неутешительны: начало повседневной работы по формированию позиции не оставляет шанса для системы обучения кадров, соответствующей насущным потребностям. Прежде всего, высококачественный прототип будущего проекта является качественно новой ступенью инновационных методов управления процессами.','2018-04-01 11:50:16',NULL),(64,22,2,' Как принято считать, непосредственные участники технического прогресса формируют глобальную экономическую сеть и при этом - функционально разнесены на независимые элементы. В рамках спецификации современных стандартов, реплицированные с зарубежных источников, современные исследования представлены в исключительно положительном свете.','2018-04-01 11:50:31',NULL),(65,22,5,'С учетом сложившейся международной обстановки, новая модель организационной деятельности предоставляет широкие возможности для новых принципов формирования материально-технической и кадровой базы. ','2018-04-01 14:50:38',NULL),(66,22,5,'В целом, конечно, укрепление и развитие внутренней структуры обеспечивает широкому кругу (специалистов) участие в формировании своевременного выполнения сверхзадачи.','2018-04-05 14:50:54',NULL),(67,23,2,'Прежде всего, экономическая повестка сегодняшнего дня создает необходимость включения в производственный план целого ряда внеочередных мероприятий с учетом комплекса новых принципов формирования материально-технической и кадровой базы. ','2018-04-01 12:51:31',NULL),(68,23,3,'Активно развивающиеся страны третьего мира заблокированы в рамках своих собственных рациональных ограничений. Сложно сказать, почему сторонники тоталитаризма в науке в равной степени предоставлены сами себе.','2018-04-01 13:51:38',NULL),(69,23,1,' Сложно сказать, почему сторонники тоталитаризма в науке в равной степени предоставлены сами себе. Следует отметить, что начало повседневной работы по формированию позиции является качественно новой ступенью модели развития.','2018-04-02 12:51:48',NULL),(70,24,4,'Идейные соображения высшего порядка, а также современная методология разработки способствует подготовке и реализации экспериментов, поражающих по своей масштабности и грандиозности. ','2018-04-02 10:52:00',NULL),(71,24,1,'Равным образом, современная методология разработки требует определения и уточнения прогресса профессионального сообщества. Глубокий уровень погружения однозначно определяет каждого участника как способного принимать собственные решения касаемо направлений прогрессивного развития. Таким образом, базовый вектор развития позволяет оценить значение укрепления моральных ценностей.','2018-04-02 14:52:08',NULL),(72,24,2,'Значимость этих проблем настолько очевидна, что семантический разбор внешних противодействий предполагает независимые способы реализации модели развития.','2018-04-02 10:52:20',NULL),(73,25,3,'В рамках спецификации современных стандартов, независимые государства неоднозначны и будут превращены в посмешище, хотя само их существование приносит несомненную пользу обществу. Независимые государства формируют глобальную экономическую сеть и при этом - указаны как претенденты на роль ключевых факторов. Высокотехнологичная концепция общественного уклада в значительной степени обусловливает важность существующих финансовых и административных условий. ','2018-04-02 12:53:20',NULL),(74,25,4,'Как уже неоднократно упомянуто, непосредственные участники технического прогресса представляют собой не что иное, как квинтэссенцию победы маркетинга над разумом и должны быть описаны максимально подробно. Господа, повышение уровня гражданского сознания требует от нас анализа инновационных методов управления процессами! Идейные соображения высшего порядка, а также глубокий уровень погружения требует определения и уточнения глубокомысленных рассуждений. ','2018-04-02 14:53:42',NULL),(75,25,5,'Являясь всего лишь частью общей картины, диаграммы связей освещают чрезвычайно интересные особенности картины в целом, однако конкретные выводы, разумеется, заблокированы в рамках своих собственных рациональных ограничений. ','2018-04-03 10:53:51',NULL),(76,20,4,'Непосредственные участники технического прогресса объявлены нарушающими общечеловеческие нормы этики и морали. Явные признаки победы институциализации, инициированные исключительно синтетически, указаны как претенденты на роль ключевых факторов!','2018-04-01 20:54:09',NULL),(91,11,1,'Не следует, однако, забывать, что существующая теория позволяет выполнить важные задания по разработке новых предложений. Мы вынуждены отталкиваться от того, что постоянный количественный рост и сфера нашей активности однозначно определяет каждого участника как способного принимать собственные решения касаемо укрепления моральных ценностей.','2018-03-26 18:29:36','2018-03-24 18:29:36'),(105,11,5,'Задача организации, в особенности же укрепление и развитие структуры способствует подготовки и реализации существенных финансовых и административных условий. Разнообразный и богатый опыт постоянный количественный рост и сфера нашей активности требуют определения и уточнения модели развития. Таким образом укрепление и развитие структуры требуют от нас анализа дальнейших направлений развития. С другой стороны постоянный количественный рост и сфера нашей активности представляет собой интересный эксперимент проверки соответствующий условий активизации. Разнообразный и богатый опыт консультация с широким активом влечет за собой процесс внедрения и модернизации направлений прогрессивного развития.','2018-03-26 18:53:08','2018-03-24 18:53:08');
/*!40000 ALTER TABLE `comments` ENABLE KEYS */;
UNLOCK TABLES;

--
-- Table structure for table `comments_likes`
--

DROP TABLE IF EXISTS `comments_likes`;
/*!40101 SET @saved_cs_client     = @@character_set_client */;
/*!40101 SET character_set_client = utf8 */;
CREATE TABLE `comments_likes` (
  `id` int(11) NOT NULL AUTO_INCREMENT,
  `comment_id` int(11) DEFAULT NULL,
  `user_id` int(11) DEFAULT NULL,
  PRIMARY KEY (`id`),
  KEY `fk_comments` (`comment_id`),
  CONSTRAINT `fk_comments` FOREIGN KEY (`comment_id`) REFERENCES `comments` (`id`) ON DELETE CASCADE
) ENGINE=InnoDB AUTO_INCREMENT=35 DEFAULT CHARSET=utf8;
/*!40101 SET character_set_client = @saved_cs_client */;

--
-- Dumping data for table `comments_likes`
--

LOCK TABLES `comments_likes` WRITE;
/*!40000 ALTER TABLE `comments_likes` DISABLE KEYS */;
INSERT INTO `comments_likes` VALUES (1,1,2),(2,3,4),(3,5,1),(4,8,3),(5,10,5),(6,11,3),(7,15,2),(8,20,3),(9,24,1),(10,28,5),(11,32,4),(12,34,4),(13,40,3),(14,40,5),(15,45,1),(16,50,2),(17,50,1),(18,52,3),(19,57,4),(20,61,1),(21,61,5),(22,64,2),(23,69,2),(25,74,1),(26,74,2),(27,75,5),(30,72,5),(33,32,1),(34,14,1);
/*!40000 ALTER TABLE `comments_likes` ENABLE KEYS */;
UNLOCK TABLES;

--
-- Table structure for table `opinions`
--

DROP TABLE IF EXISTS `opinions`;
/*!40101 SET @saved_cs_client     = @@character_set_client */;
/*!40101 SET character_set_client = utf8 */;
CREATE TABLE `opinions` (
  `id` int(11) NOT NULL AUTO_INCREMENT,
  `name` varchar(50) DEFAULT NULL,
  `user_id` int(11) DEFAULT NULL,
  `body` text,
  `createdAt` datetime DEFAULT NULL,
  `updatedAt` datetime DEFAULT NULL,
  PRIMARY KEY (`id`),
  KEY `fk_opinions_users` (`user_id`),
  CONSTRAINT `fk_opinions_users` FOREIGN KEY (`user_id`) REFERENCES `users` (`id`)
) ENGINE=InnoDB AUTO_INCREMENT=21 DEFAULT CHARSET=utf8;
/*!40101 SET character_set_client = @saved_cs_client */;

--
-- Dumping data for table `opinions`
--

LOCK TABLES `opinions` WRITE;
/*!40000 ALTER TABLE `opinions` DISABLE KEYS */;
/*!40000 ALTER TABLE `opinions` ENABLE KEYS */;
UNLOCK TABLES;

--
-- Table structure for table `posts`
--

DROP TABLE IF EXISTS `posts`;
/*!40101 SET @saved_cs_client     = @@character_set_client */;
/*!40101 SET character_set_client = utf8 */;
CREATE TABLE `posts` (
  `id` int(11) NOT NULL AUTO_INCREMENT,
  `user_id` int(11) NOT NULL,
  `title` varchar(255) NOT NULL,
  `body` text NOT NULL,
  `views` int(11) DEFAULT NULL,
  `createdAt` datetime DEFAULT NULL,
  `updatedAt` datetime DEFAULT NULL,
  PRIMARY KEY (`id`),
  KEY `fk_users_post` (`user_id`),
  CONSTRAINT `fk_users_post` FOREIGN KEY (`user_id`) REFERENCES `users` (`id`)
) ENGINE=InnoDB AUTO_INCREMENT=27 DEFAULT CHARSET=utf8;
/*!40101 SET character_set_client = @saved_cs_client */;

--
-- Dumping data for table `posts`
--

LOCK TABLES `posts` WRITE;
/*!40000 ALTER TABLE `posts` DISABLE KEYS */;
INSERT INTO `posts` VALUES (1,1,'Консультация с широким активом','Товарищи! консультация с широким активом играет важную роль в формировании позиций, занимаемых участниками в отношении поставленных задач. С другой стороны консультация с широким активом позволяет выполнять важные задания по разработке существенных финансовых и административных условий.',48,'2018-03-20 16:16:27','2018-08-03 17:06:04'),(2,1,'Сложившаяся структура организации','Не следует, однако забывать, что сложившаяся структура организации требуют определения и уточнения форм развития. Не следует, однако забывать, что начало повседневной работы по формированию позиции представляет собой интересный эксперимент проверки модели развития. Значимость этих проблем настолько очевидна, что консультация с широким активом играет важную роль в формировании соответствующий условий активизации. Значимость этих проблем настолько очевидна, что консультация с широким активом способствует подготовки и реализации позиций, занимаемых участниками в отношении поставленных задач. С другой стороны консультация с широким активом в значительной степени обуславливает создание дальнейших направлений развития.',10,'2018-03-20 16:18:32','2018-08-07 17:15:45'),(3,1,'Новая модель организационной деятельности','Не следует, однако забывать, что новая модель организационной деятельности позволяет оценить значение направлений прогрессивного развития. С другой стороны постоянное информационно-пропагандистское обеспечение нашей деятельности способствует подготовки и реализации направлений прогрессивного развития. Равным образом консультация с широким активом требуют определения и уточнения форм развития. Задача организации, в особенности же постоянное информационно-пропагандистское обеспечение нашей деятельности позволяет выполнять важные задания по разработке дальнейших направлений развития. Не следует, однако забывать, что консультация с широким активом представляет собой интересный эксперимент проверки систем массового участия. Разнообразный и богатый опыт укрепление и развитие структуры представляет собой интересный эксперимент проверки направлений прогрессивного развития.',11,'2018-03-21 17:17:53','2018-08-07 17:15:56'),(4,1,'Постоянное информационно-пропагандистское обеспечение','Таким образом постоянное информационно-пропагандистское обеспечение нашей деятельности требуют от нас анализа новых предложений. Повседневная практика показывает, что сложившаяся структура организации требуют от нас анализа новых предложений. Не следует, однако забывать, что укрепление и развитие структуры влечет за собой процесс внедрения и модернизации новых предложений.',53,'2018-03-22 16:18:07','2018-08-05 13:40:24'),(5,1,'Разнообразный и богатый опыт','Разнообразный и богатый опыт сложившаяся структура организации обеспечивает широкому кругу (специалистов) участие в формировании системы обучения кадров, соответствует насущным потребностям. Задача организации, в особенности же рамки и место обучения кадров позволяет оценить значение направлений прогрессивного развития. Значимость этих проблем настолько очевидна, что постоянный количественный рост и сфера нашей активности требуют от нас анализа модели развития.',93,'2018-03-22 18:18:20','2018-08-08 17:57:34'),(6,2,'Задача организации','Задача организации, в особенности же постоянное информационно-пропагандистское обеспечение нашей деятельности влечет за собой процесс внедрения и модернизации системы обучения кадров, соответствует насущным потребностям. Не следует, однако забывать, что реализация намеченных плановых заданий обеспечивает широкому кругу (специалистов) участие в формировании системы обучения кадров, соответствует насущным потребностям. Товарищи! начало повседневной работы по формированию позиции способствует подготовки и реализации дальнейших направлений развития.',13,'2018-03-23 12:18:37','2018-04-06 17:38:05'),(7,2,'Идейные соображения высшего порядка','Идейные соображения высшего порядка, а также дальнейшее развитие различных форм деятельности обеспечивает широкому кругу (специалистов) участие в формировании направлений прогрессивного развития. Товарищи! реализация намеченных плановых заданий в значительной степени обуславливает создание новых предложений. Товарищи! сложившаяся структура организации требуют определения и уточнения системы обучения кадров, соответствует насущным потребностям. Задача организации, в особенности же постоянное информационно-пропагандистское обеспечение нашей деятельности представляет собой интересный эксперимент проверки форм развития. Разнообразный и богатый опыт рамки и место обучения кадров требуют определения и уточнения существенных финансовых и административных условий. Задача организации, в особенности же реализация намеченных плановых заданий позволяет оценить значение модели развития.',21,'2018-03-23 13:18:54',NULL),(8,2,'Повседневная практика','Повседневная практика показывает, что постоянный количественный рост и сфера нашей активности представляет собой интересный эксперимент проверки форм развития. Не следует, однако забывать, что сложившаяся структура организации позволяет оценить значение новых предложений. Товарищи! постоянное информационно-пропагандистское обеспечение нашей деятельности влечет за собой процесс внедрения и модернизации существенных финансовых и административных условий. Задача организации, в особенности же новая модель организационной деятельности требуют от нас анализа системы обучения кадров, соответствует насущным потребностям. Не следует, однако забывать, что начало повседневной работы по формированию позиции влечет за собой процесс внедрения и модернизации систем массового участия.',36,'2018-03-23 14:21:25','2018-04-14 14:57:30'),(9,2,'Реализация намеченных плановых заданий','Равным образом реализация намеченных плановых заданий позволяет оценить значение систем массового участия. С другой стороны дальнейшее развитие различных форм деятельности обеспечивает широкому кругу (специалистов) участие в формировании дальнейших направлений развития.',12,'2018-03-24 14:19:50',NULL),(10,2,'Укрепление и развитие структуры','Укрепление и развитие структуры представляет собой интересный эксперимент проверки форм развития. Разнообразный и богатый опыт новая модель организационной деятельности представляет собой интересный эксперимент проверки направлений прогрессивного развития. Разнообразный и богатый опыт постоянный количественный рост и сфера нашей активности представляет собой интересный эксперимент проверки соответствующий условий активизации. Равным образом новая модель организационной деятельности требуют от нас анализа новых предложений. Значимость этих проблем настолько очевидна, что дальнейшее развитие различных форм деятельности требуют определения и уточнения системы обучения кадров, соответствует насущным потребностям.',24,'2018-03-24 16:20:09','2018-03-25 18:40:38'),(11,3,'Ключевые особенности структуры','Являясь всего лишь частью общей картины, ключевые особенности структуры проекта неоднозначны и будут призваны к ответу. Сложно сказать, почему диаграммы связей набирают популярность среди определенны слоев населения, а значит, должны быть заблокированы в рамках своих собственных рациональных ограничений. Современные технологии достигли такого уровня, что высокотехнологичная концепция общественного уклада требует от нас анализа направлений прогрессивного развития.',19,'2018-03-25 13:21:18','2018-04-03 18:07:33'),(12,3,'Диаграммы связей','Как принято считать, диаграммы связей представлены в исключительно положительном свете. Лишь диаграммы связей своевременно верифицированы. Но акционеры крупнейших компаний, превозмогая сложившуюся непростую экономическую ситуацию, рассмотрены исключительно в разрезе маркетинговых и финансовых предпосылок. Как принято считать, явные признаки победы институциализации, превозмогая сложившуюся непростую экономическую ситуацию, разоблачены.',21,'2018-03-25 16:21:35',NULL),(13,3,'Понимание сути технологий','Также как понимание сути ресурсосберегающих технологий позволяет оценить значение системы обучения кадров, соответствующей насущным потребностям. С другой стороны, социально-экономическое развитие требует от нас анализа поэтапного и последовательного развития общества.',9,'2018-03-26 15:21:50','2018-08-10 18:29:10'),(14,3,'Методология разработки','Современная методология разработки, в своем классическом представлении, допускает внедрение приоретизации разума над эмоциями. Постоянный количественный рост и сфера нашей активности требует анализа позиций, занимаемых участниками в отношении поставленных задач. Значимость этих проблем настолько очевидна, что высококачественный прототип будущего проекта требует от нас анализа прогресса профессионального сообщества. В рамках спецификации современных стандартов, сторонники тоталитаризма в науке могут быть указаны как претенденты на роль ключевых факторов.',12,'2018-03-26 17:22:36','2018-07-01 15:05:30'),(15,3,'Повышение уровня гражданского сознания','Безусловно, повышение уровня гражданского сознания в значительной степени обусловливает важность поставленных обществом задач. Как уже неоднократно упомянуто, тщательные исследования конкурентов будут функционально разнесены на независимые элементы. Сложно сказать, почему некоторые особенности внутренней политики могут быть функционально разнесены на независимые элементы. В целом, конечно, современная методология разработки предопределяет высокую востребованность поставленных обществом задач. А еще акционеры крупнейших компаний обнародованы. Независимые государства заблокированы в рамках своих собственных рациональных ограничений.',4,'2018-03-27 11:22:48','2018-08-10 18:40:43'),(16,4,'Качество позиционных исследований','Высокое качество позиционных исследований однозначно фиксирует необходимость благоприятных перспектив. Но некоторые особенности внутренней политики объединены в целые кластеры себе подобных. Прежде всего, перспективное планирование представляет собой интересный эксперимент проверки поставленных обществом задач. Внезапно, независимые государства призывают нас к новым свершениям, которые, в свою очередь, должны быть призваны к ответу. Внезапно, действия представителей оппозиции набирают популярность среди определенны слоев населения, а значит, должны быть своевременно верифицированы. Учитывая ключевые сценарии поведения, сплоченность команды профессионалов позволяет выполнить важные задания по разработке стандартных подходов.',6,'2018-03-27 13:14:59','2018-08-05 12:51:50'),(17,4,'Особенности структуры проекта','Ключевые особенности структуры проекта и по сей день остаются уделом либералов, которые жаждут быть объективно рассмотрены соответствующими инстанциями. Предварительные выводы неутешительны: укрепление и развитие внутренней структуры прекрасно подходит для реализации поэтапного и последовательного развития общества. А еще ключевые особенности структуры проекта представляют собой не что иное, как квинтэссенцию победы маркетинга над разумом и должны быть подвергнуты целой серии независимых исследований. Но тщательные исследования конкурентов являются только методом политического участия и представлены в исключительно положительном свете. Начало повседневной работы по формированию позиции играет важную роль в формировании первоочередных требований.',8,'2018-03-27 18:23:18',NULL),(18,4,'Оранизация','Задача организации, в особенности же курс на социально-ориентированный национальный проект создает необходимость включения в производственный план целого ряда внеочередных мероприятий с учетом комплекса распределения внутренних резервов и ресурсов. В своем стремлении улучшить пользовательский опыт мы упускаем, что активно развивающиеся страны третьего мира формируют глобальную экономическую сеть и при этом - преданы социально-демократической анафеме. Являясь всего лишь частью общей картины, ключевые особенности структуры проекта лишь добавляют фракционных разногласий и своевременно верифицированы.',7,'2018-03-28 15:23:43','2018-08-10 18:38:18'),(19,4,'Дальнейшее развитие','Безусловно, дальнейшее развитие различных форм деятельности требует определения и уточнения как самодостаточных, так и внешне зависимых концептуальных решений. Прежде всего, современная методология разработки представляет собой интересный эксперимент проверки системы массового участия. Кстати, интерактивные прототипы неоднозначны и будут заблокированы в рамках своих собственных рациональных ограничений. Современные технологии достигли такого уровня, что укрепление и развитие внутренней структуры обеспечивает актуальность благоприятных перспектив. А еще активно развивающиеся страны третьего мира призваны к ответу. Следует отметить, что повышение уровня гражданского сознания требует определения и уточнения первоочередных требований.',20,'2018-03-28 20:23:53','2018-07-01 15:50:02'),(20,4,'Повседневная практика','Повседневная практика показывает, что сложившаяся структура организации способствует повышению качества инновационных методов управления процессами. Задача организации, в особенности же укрепление и развитие внутренней структуры однозначно определяет каждого участника как способного принимать собственные решения касаемо существующих финансовых и административных условий.',22,'2018-03-29 14:24:01','2018-04-16 17:19:08'),(21,5,'Перспективное планирование','Прежде всего, перспективное планирование влечет за собой процесс внедрения и модернизации благоприятных перспектив. В своем стремлении улучшить пользовательский опыт мы упускаем, что некоторые особенности внутренней политики освещают чрезвычайно интересные особенности картины в целом, однако конкретные выводы, разумеется, преданы социально-демократической анафеме. Таким образом, высококачественный прототип будущего проекта не оставляет шанса для прогресса профессионального сообщества. В частности, существующая теория обеспечивает широкому кругу (специалистов) участие в формировании модели развития. С учетом сложившейся международной обстановки, экономическая повестка сегодняшнего дня влечет за собой процесс внедрения и модернизации форм воздействия. Дальнейшее развитие различных форм деятельности создает необходимость включения в производственный план целого ряда внеочередных мероприятий с учетом комплекса первоочередных требований.',23,'2018-03-29 16:24:18','2018-08-10 18:38:11'),(22,5,'Нанотехнологии','Стремящиеся вытеснить традиционное производство, нанотехнологии являются только методом политического участия и в равной степени предоставлены сами себе. С другой стороны, граница обучения кадров говорит о возможностях существующих финансовых и административных условий.',23,'2018-03-30 14:24:36','2018-06-24 13:49:51'),(23,5,'Участники технического прогресса','Непосредственные участники технического прогресса будут объединены в целые кластеры себе подобных! Также как новая модель организационной деятельности играет важную роль в формировании первоочередных требований. В рамках спецификации современных стандартов, диаграммы связей, инициированные исключительно синтетически, ограничены исключительно образом мышления. Равным образом, консультация с широким активом играет определяющее значение для позиций, занимаемых участниками в отношении поставленных задач.',40,'2018-03-30 18:24:49','2018-08-05 12:48:30'),(24,5,'Перспективное планирование','Для современного мира перспективное планирование говорит о возможностях модели развития. Сложно сказать, почему базовые сценарии поведения пользователей и по сей день остаются уделом либералов, которые жаждут быть превращены в посмешище, хотя само их существование приносит несомненную пользу обществу.',96,'2018-04-01 13:25:09','2018-08-03 17:05:34'),(25,5,'Реализация намеченных плановых заданий','Реализация намеченных плановых заданий в значительной степени обусловливает важность распределения внутренних резервов и ресурсов. Повседневная практика показывает, что консультация с широким активом предопределяет высокую востребованность системы массового участия.',100,'2018-04-02 17:25:22','2018-08-03 17:09:27'),(26,2,'Базовые сценарии','Базовые сценарии поведения пользователей описаны максимально подробно. Сложно сказать, почему сделанные на базе интернет-аналитики выводы, инициированные исключительно синтетически, в равной степени предоставлены сами себе. Безусловно, синтетическое тестирование не оставляет шанса для существующих финансовых и административных условий.',82,'2018-04-02 19:25:31','2018-08-04 19:22:00');
/*!40000 ALTER TABLE `posts` ENABLE KEYS */;
UNLOCK TABLES;

--
-- Table structure for table `posts_likes`
--

DROP TABLE IF EXISTS `posts_likes`;
/*!40101 SET @saved_cs_client     = @@character_set_client */;
/*!40101 SET character_set_client = utf8 */;
CREATE TABLE `posts_likes` (
  `id` int(11) NOT NULL AUTO_INCREMENT,
  `post_id` int(11) DEFAULT NULL,
  `user_id` int(11) DEFAULT NULL,
  PRIMARY KEY (`id`),
  KEY `fk__posts` (`post_id`),
  CONSTRAINT `fk__posts` FOREIGN KEY (`post_id`) REFERENCES `posts` (`id`) ON DELETE CASCADE
) ENGINE=InnoDB AUTO_INCREMENT=46 DEFAULT CHARSET=utf8;
/*!40101 SET character_set_client = @saved_cs_client */;

--
-- Dumping data for table `posts_likes`
--

LOCK TABLES `posts_likes` WRITE;
/*!40000 ALTER TABLE `posts_likes` DISABLE KEYS */;
INSERT INTO `posts_likes` VALUES (1,1,2),(2,2,3),(3,3,4),(4,4,5),(5,6,1),(6,8,3),(7,10,1),(8,10,3),(9,12,2),(11,13,2),(13,16,1),(14,18,3),(15,20,1),(16,21,4),(17,21,2),(18,23,3),(20,24,2),(21,24,4),(35,16,5),(45,12,5);
/*!40000 ALTER TABLE `posts_likes` ENABLE KEYS */;
UNLOCK TABLES;

--
-- Table structure for table `subscriptions`
--

DROP TABLE IF EXISTS `subscriptions`;
/*!40101 SET @saved_cs_client     = @@character_set_client */;
/*!40101 SET character_set_client = utf8 */;
CREATE TABLE `subscriptions` (
  `id` int(11) NOT NULL AUTO_INCREMENT,
  `user_id` int(11) NOT NULL,
  `sub_user_id` int(11) NOT NULL,
  `createdAt` datetime DEFAULT NULL,
  `updatedAt` datetime DEFAULT NULL,
  PRIMARY KEY (`id`),
  KEY `fk_subscriptions_users_sub_user` (`sub_user_id`),
  KEY `fk_subscriptions_users_user` (`user_id`),
  CONSTRAINT `fk_subscriptions_users_sub_user` FOREIGN KEY (`sub_user_id`) REFERENCES `users` (`id`),
  CONSTRAINT `fk_subscriptions_users_user` FOREIGN KEY (`user_id`) REFERENCES `users` (`id`)
) ENGINE=InnoDB AUTO_INCREMENT=31 DEFAULT CHARSET=utf8;
/*!40101 SET character_set_client = @saved_cs_client */;

--
-- Dumping data for table `subscriptions`
--

LOCK TABLES `subscriptions` WRITE;
/*!40000 ALTER TABLE `subscriptions` DISABLE KEYS */;
INSERT INTO `subscriptions` VALUES (1,1,2,'2018-06-05 18:14:50','2018-06-05 18:14:50'),(3,2,3,'2018-06-05 18:15:49','2018-06-05 18:15:49'),(4,5,1,'2018-06-05 18:16:04','2018-06-05 18:16:04'),(6,11,3,'2018-06-05 18:18:56','2018-06-05 18:18:56'),(7,1,3,'2018-06-06 18:11:13','2018-06-06 18:11:13'),(8,1,4,'2018-06-06 18:11:30','2018-06-06 18:11:30'),(9,1,5,'2018-06-06 18:11:34','2018-06-06 18:11:34'),(11,1,11,'2018-06-06 18:11:45','2018-06-06 18:11:45'),(12,3,5,'2018-06-09 16:21:52','2018-06-09 16:21:52'),(13,4,1,'2018-06-09 16:22:58','2018-06-09 16:22:58'),(23,10,2,'2018-06-17 17:16:09','2018-06-17 17:16:09'),(25,1,10,'2018-06-17 17:30:26','2018-06-17 17:30:26'),(30,10,3,'2018-07-27 13:44:05','2018-07-27 13:44:05');
/*!40000 ALTER TABLE `subscriptions` ENABLE KEYS */;
UNLOCK TABLES;

--
-- Table structure for table `tokens`
--

DROP TABLE IF EXISTS `tokens`;
/*!40101 SET @saved_cs_client     = @@character_set_client */;
/*!40101 SET character_set_client = utf8 */;
CREATE TABLE `tokens` (
  `id` int(11) NOT NULL AUTO_INCREMENT,
  `user_id` int(11) DEFAULT NULL,
  `token` text,
  PRIMARY KEY (`id`),
  KEY `fk_tokens_users` (`user_id`),
  CONSTRAINT `fk_tokens_users` FOREIGN KEY (`user_id`) REFERENCES `users` (`id`) ON DELETE CASCADE
) ENGINE=InnoDB AUTO_INCREMENT=10 DEFAULT CHARSET=utf8;
/*!40101 SET character_set_client = @saved_cs_client */;

--
-- Dumping data for table `tokens`
--

LOCK TABLES `tokens` WRITE;
/*!40000 ALTER TABLE `tokens` DISABLE KEYS */;
INSERT INTO `tokens` VALUES (1,1,NULL),(2,2,NULL),(3,3,NULL),(4,4,NULL),(5,5,NULL),(8,10,NULL),(9,11,NULL);
/*!40000 ALTER TABLE `tokens` ENABLE KEYS */;
UNLOCK TABLES;

--
-- Table structure for table `users`
--

DROP TABLE IF EXISTS `users`;
/*!40101 SET @saved_cs_client     = @@character_set_client */;
/*!40101 SET character_set_client = utf8 */;
CREATE TABLE `users` (
  `id` int(11) NOT NULL AUTO_INCREMENT,
  `login` varchar(255) NOT NULL,
  `password` varchar(255) NOT NULL,
  `name` varchar(255) NOT NULL,
  `surname` varchar(255) DEFAULT NULL,
  `city` varchar(255) DEFAULT NULL,
  `age` int(11) DEFAULT NULL,
  `site` varchar(100) DEFAULT NULL,
  `email` varchar(100) DEFAULT NULL,
  `avatar_path` varchar(100) DEFAULT NULL,
  `createdAt` datetime DEFAULT NULL,
  `updatedAt` datetime DEFAULT NULL,
  PRIMARY KEY (`id`),
  UNIQUE KEY `users_login_uindex` (`login`)
) ENGINE=InnoDB AUTO_INCREMENT=12 DEFAULT CHARSET=utf8;
/*!40101 SET character_set_client = @saved_cs_client */;

--
-- Dumping data for table `users`
--

LOCK TABLES `users` WRITE;
/*!40000 ALTER TABLE `users` DISABLE KEYS */;
INSERT INTO `users` VALUES (1,'maksim','ee23c22946c56e3620a34f4938765c16','Максим','Денисов','Москва',22,'maksim.ru','maksim@mail.ru','/img/avatars/ava_1_ava1.jpg',NULL,'2018-08-03 18:18:20'),(2,'irina','d257570b686be2e14c03017548e0f10a','Ирина','Гребенникова','Смоленск',20,'irina.ru','irina@mail.ru','/img/avatars/ava_2_ava2.jpg',NULL,'2018-08-03 18:18:39'),(3,'pavel','b9c4f258d79f2c28fe91bdb6fd8600d0','Павел','Иванов','Тамбов',25,'pavel.ru','pavel@mail.ru','/img/avatars/ava_3_ava3.jpg',NULL,'2018-08-03 18:19:21'),(4,'maksim_alex','56b876725ec364b89c441d081eebed2e','Максим','Алексеев','Казань',28,'maks-alex.ru','maks-alex@mail.ru','/img/avatars/ava_4_ava4.jpg',NULL,'2018-08-03 18:19:01'),(5,'olga','1c98b55ab39a31faa71b604621ddad62','Ольга','Антонова','Уфа',23,'olga.ru','olga@mail.ru','/img/avatars/ava_5_ava5.jpg',NULL,'2018-08-03 18:19:41'),(10,'alex','015e6f0343dd5870bd8bde3445406e27','Алекс','Смирнов','Москва',NULL,NULL,NULL,'/img/avatars/ava_10_4caef2efa0099.d740f95.41e4575f14d9.jpeg','2018-03-27 18:32:18','2018-08-08 18:59:11'),(11,'andrey','05f45ab37056f54dee53caf77cbe283c','Андрей','Андреев',NULL,NULL,NULL,NULL,'/img/avatars/default.jpeg','2018-04-01 14:17:13','2018-08-03 20:04:06');
/*!40000 ALTER TABLE `users` ENABLE KEYS */;
UNLOCK TABLES;
/*!40103 SET TIME_ZONE=@OLD_TIME_ZONE */;

/*!40101 SET SQL_MODE=@OLD_SQL_MODE */;
/*!40014 SET FOREIGN_KEY_CHECKS=@OLD_FOREIGN_KEY_CHECKS */;
/*!40014 SET UNIQUE_CHECKS=@OLD_UNIQUE_CHECKS */;
/*!40101 SET CHARACTER_SET_CLIENT=@OLD_CHARACTER_SET_CLIENT */;
/*!40101 SET CHARACTER_SET_RESULTS=@OLD_CHARACTER_SET_RESULTS */;
/*!40101 SET COLLATION_CONNECTION=@OLD_COLLATION_CONNECTION */;
/*!40111 SET SQL_NOTES=@OLD_SQL_NOTES */;

-- Dump completed on 2018-08-12 20:03:55
